{"cameraMode":{"drawMode":0,"name":"Shaded","section":"Shading Mode"},"sceneLighting":true,"audioPlay":false,"sceneViewState":{"m_AlwaysRefresh":false,"showFog":true,"showSkybox":true,"showFlares":true,"showImageEffects":true,"showParticleSystems":true,"showVisualEffectGraphs":true,"m_FxEnabled":true},"in2DMode":false,"pivot":{"x":-2.657644033432007,"y":4.093595027923584,"z":-10.284241676330567},"rotation":{"x":0.0005196509300731123,"y":0.957442045211792,"z":-0.28864505887031557,"w":0.0017246372299268842},"size":4.971066474914551,"orthographic":false}